condition,session,trial,timestamp,led_latency_ms,buzzer_complete_latency_ms,fan_power_latency_ms,fan_level2_latency_ms,total_control_latency_ms,success,buzzer_start_latency_ms
baseline,1,1,2026-08-09T11:40:14.796330,0.101,500.307,1162.359,1748.644,1748.644,True,
baseline,1,2,2026-08-09T11:40:21.072474,0.161,500.492,1103.023,1689.529,1689.529,True,
baseline,1,3,2026-08-09T11:40:27.347702,0.147,500.709,1100.502,1686.218,1686.218,True,
baseline,1,4,2026-08-09T11:40:33.632742,0.155,500.485,1106.541,1694.229,1694.229,True,
baseline,1,5,2026-08-09T11:40:39.908106,0.17,500.503,1102.377,1688.697,1688.697,True,
baseline,1,6,2026-08-09T11:40:46.189741,0.174,500.511,1104.681,1692.57,1692.57,True,
baseline,1,7,2026-08-09T11:40:52.467967,0.142,500.452,1101.689,1691.337,1691.337,True,
baseline,1,8,2026-08-09T11:40:58.748923,0.16,500.481,1106.287,1691.468,1691.468,True,
baseline,1,9,2026-08-09T11:41:05.026775,0.158,500.456,1104.901,1690.935,1690.935,True,
baseline,1,10,2026-08-09T11:41:11.322384,0.162,500.467,1107.367,1709.582,1709.582,True,
baseline,1,11,2026-08-09T11:41:17.629606,0.129,500.383,1099.73,1705.208,1705.208,True,
baseline,1,12,2026-08-09T11:41:23.907570,0.169,500.472,1104.414,1690.145,1690.145,True,
baseline,1,13,2026-08-09T11:41:30.185457,0.154,500.458,1104.682,1691.707,1691.707,True,
baseline,1,14,2026-08-09T11:41:36.462804,0.14,500.449,1104.701,1691.312,1691.312,True,
baseline,1,15,2026-08-09T11:41:42.749369,0.144,500.445,1100.898,1687.898,1687.898,True,
baseline,1,16,2026-08-09T11:41:49.029950,0.142,500.441,1104.925,1692.424,1692.424,True,
baseline,1,17,2026-08-09T11:41:55.311122,0.142,500.43,1102.034,1689.15,1689.15,True,
baseline,1,18,2026-08-09T11:42:01.613294,0.142,500.437,1104.582,1711.663,1711.663,True,
baseline,1,19,2026-08-09T11:42:07.895159,0.096,500.3,1087.952,1677.23,1677.23,True,
baseline,1,20,2026-08-09T11:42:14.177801,0.157,500.46,1108.525,1695.352,1695.352,True,
baseline,1,21,2026-08-09T11:42:20.455490,0.139,500.438,1103.883,1689.805,1689.805,True,
baseline,1,22,2026-08-09T11:42:26.736798,0.153,500.598,1104.451,1690.15,1690.15,True,
baseline,1,23,2026-08-09T11:42:33.014981,0.164,500.473,1104.298,1690.926,1690.926,True,
baseline,1,24,2026-08-09T11:42:39.300325,0.154,500.466,1110.628,1698.129,1698.129,True,
baseline,1,25,2026-08-09T11:42:45.581075,0.151,500.456,1102.714,1691.159,1691.159,True,
baseline,1,26,2026-08-09T11:42:51.863423,0.154,500.709,1108.925,1696.014,1696.014,True,
baseline,1,27,2026-08-09T11:42:58.146816,0.154,500.455,1108.714,1694.689,1694.689,True,
baseline,1,28,2026-08-09T11:43:04.428524,0.155,500.473,1109.873,1693.927,1693.927,True,
baseline,1,29,2026-08-09T11:43:10.702479,0.139,500.538,1101.264,1687.268,1687.268,True,
baseline,1,30,2026-08-09T11:43:16.987288,0.145,500.444,1108.359,1695.95,1695.95,True,
baseline,2,1,2026-08-09T13:37:45.330698,0.098,500.411,1107.105,1692.926,1692.926,True,
baseline,2,2,2026-08-09T13:37:51.613138,0.156,500.514,1105.983,1693.016,1693.016,True,
baseline,2,3,2026-08-09T13:37:57.895334,0.151,500.469,1106.836,1692.242,1692.242,True,
baseline,2,4,2026-08-09T13:38:04.189487,0.15,500.474,1104.365,1706.311,1706.311,True,
baseline,2,5,2026-08-09T13:38:10.490169,0.148,500.462,1106.22,1693.862,1693.862,True,
baseline,2,6,2026-08-09T13:38:16.763967,0.148,500.461,1100.432,1685.321,1685.321,True,
baseline,2,7,2026-08-09T13:38:23.038163,0.157,500.47,1102.122,1686.377,1686.377,True,
baseline,2,8,2026-08-09T13:38:29.315386,0.152,500.467,1102.65,1689.411,1689.411,True,
baseline,2,9,2026-08-09T13:38:35.586284,0.135,500.427,1099.982,1685.806,1685.806,True,
baseline,2,10,2026-08-09T13:38:41.859224,0.148,500.419,1099.935,1686.506,1686.506,True,
baseline,2,11,2026-08-09T13:38:48.138933,0.151,500.467,1102.085,1689.469,1689.469,True,
baseline,2,12,2026-08-09T13:38:54.413348,0.149,500.458,1103.664,1688.758,1688.758,True,
baseline,2,13,2026-08-09T13:39:00.689976,0.147,500.449,1104.421,1690.615,1690.615,True,
baseline,2,14,2026-08-09T13:39:06.963623,0.146,500.445,1102.383,1687.822,1687.822,True,
baseline,2,15,2026-08-09T13:39:13.236104,0.157,500.456,1100.341,1685.091,1685.091,True,
baseline,2,16,2026-08-09T13:39:19.515785,0.147,500.441,1105.882,1693.23,1693.23,True,
baseline,2,17,2026-08-09T13:39:25.799613,0.145,500.508,1102.543,1688.664,1688.664,True,
baseline,2,18,2026-08-09T13:39:32.071634,0.147,500.521,1101.641,1686.664,1686.664,True,
baseline,2,19,2026-08-09T13:39:38.364309,0.155,500.46,1102.106,1705.102,1705.102,True,
baseline,2,20,2026-08-09T13:39:44.637658,0.166,500.466,1100.337,1686.392,1686.392,True,
baseline,2,21,2026-08-09T13:39:50.912742,0.144,500.447,1102.945,1688.487,1688.487,True,
baseline,2,22,2026-08-09T13:39:57.191976,0.146,500.465,1103.791,1690.544,1690.544,True,
baseline,2,23,2026-08-09T13:40:03.467671,0.145,500.442,1101.924,1688.98,1688.98,True,
baseline,2,24,2026-08-09T13:40:09.750225,0.133,500.427,1108.896,1696.25,1696.25,True,
baseline,2,25,2026-08-09T13:40:16.024444,0.146,500.473,1103.644,1688.431,1688.431,True,
baseline,2,26,2026-08-09T13:40:22.302701,0.148,500.449,1104.807,1690.355,1690.355,True,
baseline,2,27,2026-08-09T13:40:28.579861,0.144,500.484,1105.083,1691.029,1691.029,True,
baseline,2,28,2026-08-09T13:40:34.860411,0.134,500.439,1104.04,1690.811,1690.811,True,
baseline,2,29,2026-08-09T13:40:41.157082,0.146,500.443,1104.24,1710.073,1710.073,True,
baseline,2,30,2026-08-09T13:40:47.451520,0.087,500.285,1090.267,1691.155,1691.155,True,
baseline,3,1,2026-08-09T14:45:07.509843,0.097,500.302,1158.698,1745.835,1745.835,True,
baseline,3,2,2026-08-09T14:45:13.805912,0.153,500.478,1105.431,1707.081,1707.081,True,
baseline,3,3,2026-08-09T14:45:20.081877,0.154,500.469,1104.661,1690.195,1690.195,True,
baseline,3,4,2026-08-09T14:45:26.360725,0.151,500.468,1104.634,1691.273,1691.273,True,
baseline,3,5,2026-08-09T14:45:32.642753,0.163,500.491,1109.123,1694.28,1694.28,True,
baseline,3,6,2026-08-09T14:45:38.922400,0.15,500.453,1104.65,1692.629,1692.629,True,
baseline,3,7,2026-08-09T14:45:45.201134,0.149,500.46,1107.221,1691.995,1691.995,True,
baseline,3,8,2026-08-09T14:45:51.478503,0.159,500.473,1102.91,1690.315,1690.315,True,
baseline,3,9,2026-08-09T14:45:57.759783,0.15,500.453,1107.754,1692.248,1692.248,True,
baseline,3,10,2026-08-09T14:46:04.037148,0.186,500.487,1104.208,1689.814,1689.814,True,
baseline,3,11,2026-08-09T14:46:10.315378,0.147,500.449,1106.279,1691.756,1691.756,True,
baseline,3,12,2026-08-09T14:46:16.592500,0.15,500.455,1105.668,1690.292,1690.292,True,
baseline,3,13,2026-08-09T14:46:22.877867,0.145,500.459,1113.992,1700.043,1700.043,True,
baseline,3,14,2026-08-09T14:46:29.151421,0.146,500.444,1101.12,1686.971,1686.971,True,
baseline,3,15,2026-08-09T14:46:35.426228,0.148,500.457,1101.837,1687.368,1687.368,True,
baseline,3,16,2026-08-09T14:46:41.704302,0.135,500.546,1105.001,1692.466,1692.466,True,
baseline,3,17,2026-08-09T14:46:47.989594,0.146,500.436,1112.041,1698.668,1698.668,True,
baseline,3,18,2026-08-09T14:46:54.292293,0.148,500.445,1107.742,1713.538,1713.538,True,
baseline,3,19,2026-08-09T14:47:00.566848,0.15,500.447,1101.386,1688.947,1688.947,True,
baseline,3,20,2026-08-09T14:47:06.848471,0.15,500.515,1107.879,1693.375,1693.375,True,
baseline,3,21,2026-08-09T14:47:13.137140,0.147,500.446,1108.74,1696.223,1696.223,True,
baseline,3,22,2026-08-09T14:47:19.411440,0.144,500.438,1104.332,1688.729,1688.729,True,
baseline,3,23,2026-08-09T14:47:25.688608,0.146,500.445,1101.765,1686.91,1686.91,True,
baseline,3,24,2026-08-09T14:47:31.976980,0.151,500.448,1114.425,1701.126,1701.126,True,
baseline,3,25,2026-08-09T14:47:38.252014,0.146,500.444,1105.46,1689.415,1689.415,True,
baseline,3,26,2026-08-09T14:47:44.547476,0.145,500.486,1103.385,1706.765,1706.765,True,
baseline,3,27,2026-08-09T14:47:50.844505,0.088,500.355,1104.206,1695.343,1695.343,True,
baseline,3,28,2026-08-09T14:47:57.123973,0.148,500.517,1102.167,1689.812,1689.812,True,
baseline,3,29,2026-08-09T14:48:03.406654,0.148,500.452,1106.141,1694.805,1694.805,True,
baseline,3,30,2026-08-09T14:48:09.694585,0.148,500.475,1111.873,1699.787,1699.787,True,
optimized,1,1,2026-08-09T11:44:02.983006,0.101,,86.31,671.433,671.433,True,0.742
optimized,1,2,2026-08-09T11:44:08.368270,0.163,,108.559,695.784,695.784,True,0.969
optimized,1,3,2026-08-09T11:44:13.753146,0.178,,111.208,695.863,695.863,True,1.21
optimized,1,4,2026-08-09T11:44:19.143593,0.149,,112.405,699.452,699.452,True,0.856
optimized,1,5,2026-08-09T11:44:24.522579,0.155,,105.767,691.609,691.609,True,0.875
optimized,1,6,2026-08-09T11:44:29.901961,0.167,,106.816,692.08,692.08,True,0.955
optimized,1,7,2026-08-09T11:44:35.281023,0.154,,107.94,693.609,693.609,True,0.861
optimized,1,8,2026-08-09T11:44:40.662336,0.159,,104.88,689.449,689.449,True,0.908
optimized,1,9,2026-08-09T11:44:46.038367,0.141,,106.036,690.283,690.283,True,0.752
optimized,1,10,2026-08-09T11:44:51.425290,0.152,,113.824,698.127,698.127,True,0.83
optimized,1,11,2026-08-09T11:44:56.808068,0.156,,113.054,696.71,696.71,True,0.845
optimized,1,12,2026-08-09T11:45:02.179552,0.146,,99.306,683.421,683.421,True,0.816
optimized,1,13,2026-08-09T11:45:07.555545,0.153,,105.297,688.71,688.71,True,0.898
optimized,1,14,2026-08-09T11:45:12.938850,0.182,,109.501,696.702,696.702,True,0.97
optimized,1,15,2026-08-09T11:45:18.315977,0.14,,105.104,689.106,689.106,True,0.712
optimized,1,16,2026-08-09T11:45:23.698818,0.152,,106.239,692.764,692.764,True,0.827
optimized,1,17,2026-08-09T11:45:29.079881,0.162,,108.175,692.777,692.777,True,0.873
optimized,1,18,2026-08-09T11:45:34.456807,0.153,,105.891,689.798,689.798,True,1.402
optimized,1,19,2026-08-09T11:45:39.829304,0.143,,101.084,686.855,686.855,True,0.77
optimized,1,20,2026-08-09T11:45:45.205200,0.142,,104.304,689.807,689.807,True,0.747
optimized,1,21,2026-08-09T11:45:50.583557,0.139,,106.7,691.278,691.278,True,0.72
optimized,1,22,2026-08-09T11:45:55.963044,0.15,,108.782,693.23,693.23,True,0.868
optimized,1,23,2026-08-09T11:46:01.353547,0.148,,104.763,702.976,702.976,True,0.794
optimized,1,24,2026-08-09T11:46:06.750972,0.162,,104.618,689.156,689.156,True,0.856
optimized,1,25,2026-08-09T11:46:12.121887,0.116,,98.804,683.03,683.03,True,0.608
optimized,1,26,2026-08-09T11:46:17.496402,0.137,,100.94,686.395,686.395,True,0.708
optimized,1,27,2026-08-09T11:46:22.872600,0.151,,104.013,688.204,688.204,True,0.936
optimized,1,28,2026-08-09T11:46:28.250859,0.15,,105.758,692.156,692.156,True,0.824
optimized,1,29,2026-08-09T11:46:33.626949,0.152,,103.574,689.772,689.772,True,0.823
optimized,1,30,2026-08-09T11:46:39.013965,0.316,,114.415,699.486,699.486,True,1.029
optimized,2,1,2026-08-09T13:19:33.316755,0.098,,86.927,671.51,671.51,True,0.561
optimized,2,2,2026-08-09T13:19:38.693591,0.181,,101.903,687.086,687.086,True,1.097
optimized,2,3,2026-08-09T13:19:44.077537,0.155,,109.702,694.249,694.249,True,0.916
optimized,2,4,2026-08-09T13:19:49.456030,0.151,,103.939,690.289,690.289,True,0.909
optimized,2,5,2026-08-09T13:19:54.833365,0.192,,106.391,692.234,692.234,True,1.003
optimized,2,6,2026-08-09T13:20:00.212078,0.151,,107.497,692.956,692.956,True,0.889
optimized,2,7,2026-08-09T13:20:05.594163,0.173,,107.1,692.675,692.675,True,0.969
optimized,2,8,2026-08-09T13:20:10.971909,0.158,,105.628,690.023,690.023,True,0.833
optimized,2,9,2026-08-09T13:20:16.351843,0.151,,108.32,692.672,692.672,True,0.84
optimized,2,10,2026-08-09T13:20:21.730565,0.163,,107.886,692.032,692.032,True,0.963
optimized,2,11,2026-08-09T13:20:27.111490,0.149,,107.503,693.015,693.015,True,0.779
optimized,2,12,2026-08-09T13:20:32.486968,0.153,,104.442,688.532,688.532,True,0.918
optimized,2,13,2026-08-09T13:20:37.864001,0.178,,104.494,690.928,690.928,True,0.85
optimized,2,14,2026-08-09T13:20:43.241016,0.134,,104.004,688.235,688.235,True,0.79
optimized,2,15,2026-08-09T13:20:48.621166,0.149,,108.042,691.981,691.981,True,0.821
optimized,2,16,2026-08-09T13:20:53.999218,0.147,,104.888,688.435,688.435,True,0.817
optimized,2,17,2026-08-09T13:20:59.378523,0.155,,107.69,693.169,693.169,True,0.812
optimized,2,18,2026-08-09T13:21:04.756926,0.162,,105.315,691.077,691.077,True,0.852
optimized,2,19,2026-08-09T13:21:10.129784,0.151,,102.794,687.362,687.362,True,0.899
optimized,2,20,2026-08-09T13:21:15.506555,0.135,,105.362,689.671,689.671,True,0.749
optimized,2,21,2026-08-09T13:21:20.885058,0.151,,108.81,693.07,693.07,True,0.805
optimized,2,22,2026-08-09T13:21:26.259905,0.149,,103.956,687.524,687.524,True,0.822
optimized,2,23,2026-08-09T13:21:31.634266,0.146,,103.107,687.232,687.232,True,0.829
optimized,2,24,2026-08-09T13:21:37.013600,0.149,,107.824,692.213,692.213,True,0.82
optimized,2,25,2026-08-09T13:21:42.392041,0.146,,104.038,689.902,689.902,True,0.837
optimized,2,26,2026-08-09T13:21:47.780689,0.135,,100.26,699.202,699.202,True,0.815
optimized,2,27,2026-08-09T13:21:53.159613,0.098,,88.757,674.148,674.148,True,0.655
optimized,2,28,2026-08-09T13:21:58.529609,0.09,,85.008,669.414,669.414,True,0.462
optimized,2,29,2026-08-09T13:22:03.902137,0.09,,85.708,669.604,669.604,True,0.438
optimized,2,30,2026-08-09T13:22:09.280822,0.106,,87.803,671.796,671.796,True,0.449
optimized,3,1,2026-08-09T14:57:10.103201,0.098,,89.88,673.733,673.733,True,0.585
optimized,3,2,2026-08-09T14:57:15.480949,0.163,,105.139,690.245,690.245,True,0.988
optimized,3,3,2026-08-09T14:57:20.860860,0.156,,109.841,692.893,692.893,True,0.891
optimized,3,4,2026-08-09T14:57:26.247563,0.154,,111.437,697.881,697.881,True,0.999
optimized,3,5,2026-08-09T14:57:31.628802,0.155,,106.199,690.463,690.463,True,0.905
optimized,3,6,2026-08-09T14:57:37.002077,0.296,,103.025,687.396,687.396,True,1.099
optimized,3,7,2026-08-09T14:57:42.384039,0.159,,109.05,695.547,695.547,True,0.902
optimized,3,8,2026-08-09T14:57:47.767726,0.158,,110.248,694.949,694.949,True,0.869
optimized,3,9,2026-08-09T14:57:53.151220,0.156,,112.726,696.17,696.17,True,0.886
optimized,3,10,2026-08-09T14:57:58.525987,0.167,,101.068,685.137,685.137,True,1.219
optimized,3,11,2026-08-09T14:58:03.897569,0.15,,99.485,684.278,684.278,True,0.752
optimized,3,12,2026-08-09T14:58:09.270854,0.155,,103.336,686.679,686.679,True,0.788
optimized,3,13,2026-08-09T14:58:14.649195,0.151,,105.946,690.583,690.583,True,0.884
optimized,3,14,2026-08-09T14:58:20.025738,0.148,,104.612,688.796,688.796,True,0.811
optimized,3,15,2026-08-09T14:58:25.405509,0.151,,108.046,692.956,692.956,True,0.801
optimized,3,16,2026-08-09T14:58:30.790396,0.15,,111.503,697.98,697.98,True,0.854
optimized,3,17,2026-08-09T14:58:36.165641,0.148,,103.736,688.438,688.438,True,0.844
optimized,3,18,2026-08-09T14:58:41.546423,0.151,,107.803,691.575,691.575,True,0.816
optimized,3,19,2026-08-09T14:58:46.921629,0.195,,101.226,686.305,686.305,True,0.831
optimized,3,20,2026-08-09T14:58:52.298528,0.139,,104.661,688.339,688.339,True,0.727
optimized,3,21,2026-08-09T14:58:57.674196,0.149,,105.631,689.584,689.584,True,0.816
optimized,3,22,2026-08-09T14:59:03.079005,0.158,,113.358,713.162,713.162,True,1.685
optimized,3,23,2026-08-09T14:59:08.452198,0.092,,86.022,670.672,670.672,True,0.486
optimized,3,24,2026-08-09T14:59:13.832974,0.091,,85.516,669.943,669.943,True,0.455
optimized,3,25,2026-08-09T14:59:19.208820,0.09,,87.497,669.441,669.441,True,0.434
optimized,3,26,2026-08-09T14:59:24.602473,0.151,,106.603,691.925,691.925,True,0.976
optimized,3,27,2026-08-09T14:59:29.987958,0.15,,110.692,696.843,696.843,True,0.861
optimized,3,28,2026-08-09T14:59:35.364167,0.152,,102.551,687.044,687.044,True,0.789
optimized,3,29,2026-08-09T14:59:40.745424,0.152,,108.551,693.35,693.35,True,0.999
optimized,3,30,2026-08-09T14:59:46.130358,0.15,,109.217,694.081,694.081,True,0.851
